{
    "settings": {
        "options": {
            "show_on_front": "page",
            "featured-content": false
        },
        "theme_mods": {
            "0": false,
            "nav_menu_locations": {
                "menu-1": "primary",
                "social": "social",
                "menu-2": "primary"
            },
            "custom_css_post_id": -1,
            "hide_front_page_title": true,
            "colors_manager": {
                "0": false,
                "cached": false
            }
        },
        "headstart": {
            "mapped_id_options": [],
            "mapped_id_theme_mods": [],
            "keep_submenu_items": true
        }
    },
    "content": [
        {
            "post_title": "About",
            "post_content": "<!-- wp:paragraph {\"align\":\"left\"} -->\r\n<p class=\"has-text-align-left\">Visitors will want to know who is on the other side of the page. Use this space to write about yourself, your site, your business, or anything you want. Use the testimonials below to quote others, talking about the same thing \u2013 in their own words.<\/p>\r\n<!-- \/wp:paragraph -->\r\n\r\n<!-- wp:paragraph {\"align\":\"left\"} -->\r\n<p class=\"has-text-align-left\">This is sample content, included with the template to illustrate its features. Remove or replace it with your own words and media.<\/p>\r\n<!-- \/wp:paragraph -->\r\n\r\n<!-- wp:spacer {\"height\":32,\"className\":\"desktop-only\"} -->\r\n<div style=\"height:32px\" aria-hidden=\"true\" class=\"wp-block-spacer desktop-only\"><\/div>\r\n<!-- \/wp:spacer -->\r\n\r\n<!-- wp:heading {\"align\":\"center\",\"level\":3} -->\r\n<h3 class=\"has-text-align-center\">What People Say<\/h3>\r\n<!-- \/wp:heading -->\r\n\r\n<!-- wp:columns {\"align\":\"wide\",\"className\":\"has-3-columns\"} -->\r\n<div class=\"wp-block-columns alignwide has-3-columns\"><!-- wp:column -->\r\n<div class=\"wp-block-column\"><!-- wp:quote -->\r\n<blockquote class=\"wp-block-quote\"><p>The way to get started is to quit talking and begin doing.<\/p><cite>Walt Disney<\/cite><\/blockquote>\r\n<!-- \/wp:quote --><\/div>\r\n<!-- \/wp:column -->\r\n\r\n<!-- wp:column -->\r\n<div class=\"wp-block-column\"><!-- wp:quote -->\r\n<blockquote class=\"wp-block-quote\"><p>It is our choices, Harry, that show what we truly are, far more than our abilities.<\/p><cite>J. K. Rowling<\/cite><\/blockquote>\r\n<!-- \/wp:quote --><\/div>\r\n<!-- \/wp:column -->\r\n\r\n<!-- wp:column -->\r\n<div class=\"wp-block-column\"><!-- wp:quote -->\r\n<blockquote class=\"wp-block-quote\"><p>Don't cry because it's over, smile because it happened.<\/p><cite>Dr. Seuss<\/cite><\/blockquote>\r\n<!-- \/wp:quote --><\/div>\r\n<!-- \/wp:column --><\/div>\r\n<!-- \/wp:columns -->\r\n\r\n<!-- wp:spacer {\"height\":32,\"className\":\"desktop-only\"} -->\r\n<div style=\"height:32px\" aria-hidden=\"true\" class=\"wp-block-spacer desktop-only\"><\/div>\r\n<!-- \/wp:spacer -->\r\n\r\n<!-- wp:separator {\"className\":\"is-style-wide\"} -->\r\n<hr class=\"wp-block-separator is-style-wide\"\/>\r\n<!-- \/wp:separator -->\r\n\r\n<!-- wp:spacer {\"height\":32,\"className\":\"desktop-only\"} -->\r\n<div style=\"height:32px\" aria-hidden=\"true\" class=\"wp-block-spacer desktop-only\"><\/div>\r\n<!-- \/wp:spacer -->\r\n\r\n<!-- wp:heading {\"align\":\"center\"} -->\r\n<h2 class=\"has-text-align-center\">Let\u2019s build something together.<\/h2>\r\n<!-- \/wp:heading -->\r\n\r\n<!-- wp:button {\"align\":\"center\"} -->\r\n<div class=\"wp-block-button aligncenter\"><a class=\"wp-block-button__link\" href=\"#\">Get in touch!<\/a><\/div>\r\n<!-- \/wp:button -->\r\n\r\n<!-- wp:spacer {\"height\":32,\"className\":\"desktop-only\"} -->\r\n<div style=\"height:32px\" aria-hidden=\"true\" class=\"wp-block-spacer desktop-only\"><\/div>\r\n<!-- \/wp:spacer -->\r\n\r\n<!-- wp:separator {\"className\":\"is-style-wide\"} -->\r\n<hr class=\"wp-block-separator is-style-wide\"\/>\r\n<!-- \/wp:separator -->",
            "post_status": "publish",
            "menu_order": 2,
            "comment_status": "closed",
            "ping_status": "closed",
            "post_type": "page",
            "hs_custom_meta": "_hs_about_page",
            "hs_sharing": 0,
            "hs_like_status": 0,
            "hs_old_id": 100
        },
        {
            "post_title": "Contact",
            "post_content": "<!-- wp:paragraph {\"align\":\"left\"} -->\r\n<p class=\"has-text-align-left\">Let's talk \uD83D\uDC4B Don't hesitate to reach out with the contact information below, or send a message using the form.<\/p>\r\n<!-- \/wp:paragraph -->\r\n\r\n<!-- wp:spacer {\"height\":32,\"className\":\"desktop-only\"} -->\r\n<div style=\"height:32px\" aria-hidden=\"true\" class=\"wp-block-spacer desktop-only\"><\/div>\r\n<!-- \/wp:spacer -->\r\n\r\n<!-- wp:columns {\"align\":\"wide\",\"className\":\"has-2-columns\"} -->\r\n<div class=\"wp-block-columns alignwide has-2-columns\"><!-- wp:column -->\r\n<div class=\"wp-block-column\"><!-- wp:heading {\"align\":\"left\"} -->\r\n<h2 class=\"has-text-align-left\">Get in Touch<\/h2>\r\n<!-- \/wp:heading -->\r\n\r\n<!-- wp:jetpack\/contact-info -->\r\n<div class=\"wp-block-jetpack-contact-info\"><!-- wp:jetpack\/address {\"address\":\"1 Example Street\",\"city\":\"Anytown\",\"postal\":\"10100\",\"country\":\"USA\"} -->\r\n<div class=\"wp-block-jetpack-address\"><div class=\"jetpack-address__address jetpack-address__address1\">1 Example Street<\/div><div><span class=\"jetpack-address__city\">Anytown<\/span>, <span class=\"jetpack-address__region\"><\/span> <span class=\"jetpack-address__postal\">10100<\/span><\/div><div class=\"jetpack-address__country\">USA<\/div><\/div>\r\n<!-- \/wp:jetpack\/address -->\r\n\r\n<!-- wp:jetpack\/email {\"email\":\"mail@example.com\"} -->\r\n<div class=\"wp-block-jetpack-email\"><a href=\"mailto:mail@example.com\">mail@example.com<\/a><\/div>\r\n<!-- \/wp:jetpack\/email -->\r\n\r\n<!-- wp:jetpack\/phone {\"phone\":\"(555) 555 1234\"} -->\r\n<div class=\"wp-block-jetpack-phone\"><a href=\"tel:5555551234\">(555) 555 1234<\/a><\/div>\r\n<!-- \/wp:jetpack\/phone --><\/div>\r\n<!-- \/wp:jetpack\/contact-info --><\/div>\r\n<!-- \/wp:column -->\r\n\r\n<!-- wp:column -->\r\n<div class=\"wp-block-column\"><!-- wp:heading {\"align\":\"left\"} -->\r\n<h2 class=\"has-text-align-left\">Send Us a Message<\/h2>\r\n<!-- \/wp:heading -->\r\n\r\n<!-- wp:jetpack\/contact-form -->\r\n<!-- wp:jetpack\/field-name {\"required\":true} \/-->\r\n\r\n<!-- wp:jetpack\/field-email {\"label\":\"Email\",\"required\":true} \/-->\r\n\r\n<!-- wp:jetpack\/field-url \/-->\r\n\r\n<!-- wp:jetpack\/field-textarea {\"required\":true} \/-->\r\n<!-- \/wp:jetpack\/contact-form --><\/div>\r\n<!-- \/wp:column --><\/div>\r\n<!-- \/wp:columns -->",
            "post_status": "publish",
            "menu_order": 4,
            "comment_status": "closed",
            "ping_status": "closed",
            "post_type": "page",
            "hs_custom_meta": "_hs_contact_page",
            "hs_sharing": 0,
            "hs_like_status": 0,
            "hs_old_id": 101
        },
        {
            "post_title": "How to Build a Small Business Website",
            "post_content": "<!-- wp:paragraph -->\r\n<p><em>Hever<\/em> is ready to work for you! Whether you\u2019re a fledgling entrepreneur with big ideas to share, or an old pro looking to enhance your online presence, the&nbsp;<em>Hever<\/em>&nbsp;theme will help take your website further.<\/p>\r\n<!-- \/wp:paragraph -->\r\n\r\n<!-- wp:paragraph -->\r\n<p>To learn to set up your website to look like this demo, check out&nbsp;<a href=\"https:\/\/wordpress.com\/theme\/hever\/\"><em>Hever\u2019s <\/em>documentation<\/a>.<\/p>\r\n<!-- \/wp:paragraph -->\r\n\r\n<!-- wp:image {\"align\":\"wide\",\"id\":193,\"sizeSlug\":\"large\"} -->\r\n<figure class=\"wp-block-image alignwide size-large\"><img src=\"https:\/\/heverdemo.files.wordpress.com\/2019\/07\/4k-wallpaper-beach-bird-s-eye-view-2049422.jpg?w=1024\" class=\"wp-image-193\" \/><\/figure>\r\n<!-- \/wp:image -->",
            "post_status": "publish",
            "comment_status": "open",
            "ping_status": "open",
            "post_type": "post",
            "hs_custom_meta": "_hs_first_post",
            "hs_sharing": 1,
            "hs_like_status": 1,
            "hs_old_id": 102
        },
        {
            "post_title": "Home",
            "post_content": "<!-- wp:cover {\"url\":\"https:\/\/heverdemo.files.wordpress.com\/2019\/08\/autumn-mood-forest-cold-dawn-397096-1.jpg\",\"id\":334,\"dimRatio\":40,\"overlayColor\":\"primary\",\"focalPoint\":{\"x\":0.5,\"y\":0.77},\"align\":\"full\"} -->\r\n<div class=\"wp-block-cover alignfull has-background-dim-40 has-primary-background-color has-background-dim\" style=\"background-image:url(https:\/\/heverdemo.files.wordpress.com\/2019\/08\/autumn-mood-forest-cold-dawn-397096-1.jpg);background-position:50% 77%\"><div class=\"wp-block-cover__inner-container\"><!-- wp:heading {\"level\":1} -->\r\n<h1>Hever Travel<\/h1>\r\n<!-- \/wp:heading -->\r\n\r\n<!-- wp:paragraph -->\r\n<p>This is a cover block, with a heading, a paragraph, and a button block. <\/p>\r\n<!-- \/wp:paragraph -->\r\n\r\n<!-- wp:button {\"backgroundColor\":\"secondary\",\"textColor\":\"foreground\"} -->\r\n<div class=\"wp-block-button\"><a class=\"wp-block-button__link has-text-color has-foreground-color has-background has-secondary-background-color\">Get Away<\/a><\/div>\r\n<!-- \/wp:button --><\/div><\/div>\r\n<!-- \/wp:cover -->\r\n\r\n<!-- wp:group {\"backgroundColor\":\"background-light\",\"align\":\"full\"} -->\r\n<div class=\"wp-block-group alignfull has-background-light-background-color has-background\"><div class=\"wp-block-group__inner-container\"><!-- wp:spacer {\"height\":64} -->\r\n<div style=\"height:64px\" aria-hidden=\"true\" class=\"wp-block-spacer\"><\/div>\r\n<!-- \/wp:spacer -->\r\n\r\n<!-- wp:columns {\"align\":\"wide\"} -->\r\n<div class=\"wp-block-columns alignwide\"><!-- wp:column -->\r\n<div class=\"wp-block-column\"><!-- wp:image {\"id\":335,\"sizeSlug\":\"large\"} -->\r\n<figure class=\"wp-block-image size-large\"><img src=\"https:\/\/heverdemo.files.wordpress.com\/2019\/08\/jared-rice-d4mc9bnscse-unsplash.jpg?w=750\" alt=\"Ocean and sand\" class=\"wp-image-335\"\/><\/figure>\r\n<!-- \/wp:image -->\r\n\r\n<!-- wp:heading {\"level\":4} -->\r\n<h4>Explore<\/h4>\r\n<!-- \/wp:heading -->\r\n\r\n<!-- wp:paragraph -->\r\n<p>This is a group of blocks in columns. Column layouts can be adapted to fit different needs.<\/p>\r\n<!-- \/wp:paragraph --><\/div>\r\n<!-- \/wp:column -->\r\n\r\n<!-- wp:column -->\r\n<div class=\"wp-block-column\"><!-- wp:image {\"id\":336,\"sizeSlug\":\"large\"} -->\r\n<figure class=\"wp-block-image size-large\"><img src=\"https:\/\/heverdemo.files.wordpress.com\/2019\/08\/michael-olsen-gs1mjmk2ixc-unsplash.jpg?w=750\" alt=\"Sand and ocean\" class=\"wp-image-336\"\/><\/figure>\r\n<!-- \/wp:image -->\r\n\r\n<!-- wp:heading {\"level\":4} -->\r\n<h4>Discover<\/h4>\r\n<!-- \/wp:heading -->\r\n\r\n<!-- wp:paragraph -->\r\n<p>This is a group of blocks in columns. Column layouts can be adapted to fit different needs.<\/p>\r\n<!-- \/wp:paragraph --><\/div>\r\n<!-- \/wp:column -->\r\n\r\n<!-- wp:column -->\r\n<div class=\"wp-block-column\"><!-- wp:image {\"id\":337,\"sizeSlug\":\"large\"} -->\r\n<figure class=\"wp-block-image size-large\"><img src=\"https:\/\/heverdemo.files.wordpress.com\/2019\/08\/lachlan-dempsey-0l5qtld0ypc-unsplash.jpg?w=750\" alt=\"Clear water at the beach\" class=\"wp-image-337\"\/><\/figure>\r\n<!-- \/wp:image -->\r\n\r\n<!-- wp:heading {\"level\":4} -->\r\n<h4>Experience<\/h4>\r\n<!-- \/wp:heading -->\r\n\r\n<!-- wp:paragraph -->\r\n<p>This is a group of blocks in columns. Column layouts can be adapted to fit different needs.<\/p>\r\n<!-- \/wp:paragraph --><\/div>\r\n<!-- \/wp:column --><\/div>\r\n<!-- \/wp:columns -->\r\n\r\n<!-- wp:spacer {\"height\":64,\"className\":\"desktop-only\"} -->\r\n<div style=\"height:64px\" aria-hidden=\"true\" class=\"wp-block-spacer desktop-only\"><\/div>\r\n<!-- \/wp:spacer --><\/div><\/div>\r\n<!-- \/wp:group -->\r\n\r\n<!-- wp:group {\"align\":\"full\"} -->\r\n<div class=\"wp-block-group alignfull\"><div class=\"wp-block-group__inner-container\"><!-- wp:spacer {\"height\":80,\"className\":\"desktop-only\"} -->\r\n<div style=\"height:80px\" aria-hidden=\"true\" class=\"wp-block-spacer desktop-only\"><\/div>\r\n<!-- \/wp:spacer -->\r\n\r\n<!-- wp:columns {\"align\":\"wide\"} -->\r\n<div class=\"wp-block-columns alignwide\"><!-- wp:column {\"width\":67} -->\r\n<div class=\"wp-block-column\" style=\"flex-basis:67%\"><!-- wp:pullquote -->\r\n<figure class=\"wp-block-pullquote\"><blockquote><p>Not all those who wander are lost.<\/p><cite>J. R. R. TOLKIEN<\/cite><\/blockquote><\/figure>\r\n<!-- \/wp:pullquote --><\/div>\r\n<!-- \/wp:column -->\r\n\r\n<!-- wp:column {\"verticalAlignment\":\"center\",\"width\":33} -->\r\n<div class=\"wp-block-column is-vertically-aligned-center\" style=\"flex-basis:33%\"><!-- wp:paragraph -->\r\n<p>Add or remove columns and adjust their dimensions.<\/p>\r\n<!-- \/wp:paragraph -->\r\n\r\n<!-- wp:paragraph -->\r\n<p>This column contains two paragraph blocks. The adjacent column contains a pullquote block.<\/p>\r\n<!-- \/wp:paragraph --><\/div>\r\n<!-- \/wp:column --><\/div>\r\n<!-- \/wp:columns -->\r\n\r\n<!-- wp:spacer {\"height\":80,\"className\":\"desktop-only\"} -->\r\n<div style=\"height:80px\" aria-hidden=\"true\" class=\"wp-block-spacer desktop-only\"><\/div>\r\n<!-- \/wp:spacer --><\/div><\/div>\r\n<!-- \/wp:group -->\r\n\r\n<!-- wp:group {\"backgroundColor\":\"foreground\",\"align\":\"full\"} -->\r\n<div class=\"wp-block-group alignfull has-foreground-background-color has-background\"><div class=\"wp-block-group__inner-container\"><!-- wp:spacer {\"height\":64} -->\r\n<div style=\"height:64px\" aria-hidden=\"true\" class=\"wp-block-spacer\"><\/div>\r\n<!-- \/wp:spacer -->\r\n\r\n<!-- wp:columns {\"align\":\"wide\"} -->\r\n<div class=\"wp-block-columns alignwide\"><!-- wp:column -->\r\n<div class=\"wp-block-column\"><!-- wp:heading {\"level\":4} -->\r\n<h4>About Us<\/h4>\r\n<!-- \/wp:heading -->\r\n\r\n<!-- wp:paragraph -->\r\n<p>Visitors will want to know who is on the other side of the page. Use this space to write about your business.<\/p>\r\n<!-- \/wp:paragraph -->\r\n\r\n<!-- wp:paragraph {\"align\":\"left\",\"textColor\":\"secondary\"} -->\r\n<p class=\"has-text-color has-text-align-left has-secondary-color\"><a href=\"https:\/\/heverdemo.wordpress.com\/about\/\">More About Us<\/a><\/p>\r\n<!-- \/wp:paragraph --><\/div>\r\n<!-- \/wp:column -->\r\n\r\n<!-- wp:column -->\r\n<div class=\"wp-block-column\"><!-- wp:heading {\"level\":4} -->\r\n<h4>Get In Touch<\/h4>\r\n<!-- \/wp:heading -->\r\n\r\n<!-- wp:list -->\r\n<ul><li>mail@example.com<\/li><li>(555) 555 1234<\/li><\/ul>\r\n<!-- \/wp:list -->\r\n\r\n<!-- wp:paragraph {\"align\":\"left\",\"textColor\":\"secondary\"} -->\r\n<p class=\"has-text-color has-text-align-left has-secondary-color\"><a href=\"https:\/\/heverdemo.wordpress.com\/contact\/\">More Ways to Get In Touch<\/a><\/p>\r\n<!-- \/wp:paragraph --><\/div>\r\n<!-- \/wp:column -->\r\n\r\n<!-- wp:column -->\r\n<div class=\"wp-block-column\"><!-- wp:heading {\"level\":4} -->\r\n<h4>Drop By<\/h4>\r\n<!-- \/wp:heading -->\r\n\r\n<!-- wp:paragraph -->\r\n<p>1 Example Street <br>Anytown, 10100<br>USA<\/p>\r\n<!-- \/wp:paragraph -->\r\n\r\n<!-- wp:paragraph {\"textColor\":\"secondary\"} -->\r\n<p class=\"has-text-color has-secondary-color\"><a href=\"https:\/\/heverdemo.wordpress.com\/contact\/\">Direction and Maps<\/a><\/p>\r\n<!-- \/wp:paragraph --><\/div>\r\n<!-- \/wp:column --><\/div>\r\n<!-- \/wp:columns -->\r\n\r\n<!-- wp:spacer {\"height\":64,\"className\":\"desktop-only\"} -->\r\n<div style=\"height:64px\" aria-hidden=\"true\" class=\"wp-block-spacer desktop-only\"><\/div>\r\n<!-- \/wp:spacer --><\/div><\/div>\r\n<!-- \/wp:group -->",
            "post_status": "publish",
            "menu_order": 1,
            "comment_status": "closed",
            "ping_status": "closed",
            "post_type": "page",
            "hs_custom_meta": "_hs_front_page",
            "hs_sharing": 0,
            "hs_like_status": 0,
            "page_template": "default",
            "hs_old_id": 103
        },
        {
            "post_title": "News",
            "post_status": "publish",
            "menu_order": 3,
            "comment_status": "closed",
            "ping_status": "closed",
            "post_type": "page",
            "hs_custom_meta": "_hs_blog_page",
            "hs_sharing": 1,
            "hs_like_status": 1,
            "hs_old_id": 104
        }
    ],
    "menus": {
      "menu-1": {
            "name": "Primary",
            "items": [
                {
                "menu-item-title": "Home",
                "menu-item-db-id": 103,
                "menu-item-object-id": "103",
                "menu-item-object": "page",
                "menu-item-type": "custom",
                "menu-item-status": "publish",
                "menu-item-position": 1,
                "menu-item-parent-id": "",
                "menu-item-description": "",
                "menu-item-url": "/"
                },
                {
                "menu-item-title": "About",
                "hs-menu-item-custom": "about",
                "menu-item-db-id": 100,
                "menu-item-object-id": "100",
                "menu-item-object": "page",
                "menu-item-type": "post_type",
                "menu-item-status": "publish",
                "menu-item-position": 2,
                "menu-item-parent-id": "",
                "menu-item-description": ""
                },
                {
                "menu-item-title": "News",
                "hs-menu-item-custom": "news",
                "menu-item-db-id": 104,
                "menu-item-object-id": "104",
                "menu-item-object": "page",
                "menu-item-type": "post_type",
                "menu-item-status": "publish",
                "menu-item-position": 3,
                "menu-item-parent-id": "",
                "menu-item-description": ""
                },
                {
                "menu-item-title": "Contact",
                "hs-menu-item-custom": "contact",
                "menu-item-db-id": 101,
                "menu-item-object-id": "101",
                "menu-item-object": "page",
                "menu-item-type": "post_type",
                "menu-item-status": "publish",
                "menu-item-position": 4,
                "menu-item-parent-id": "",
                "menu-item-description": ""
                }
            ]
        },
        "social-media": {
            "name": "Social Media",
            "items": [
                {
                    "menu-item-title": "Facebook",
                    "menu-item-db-id": 175,
                    "menu-item-object-id": "175",
                    "menu-item-object": "custom",
                    "menu-item-type": "custom",
                    "menu-item-status": "publish",
                    "menu-item-position": 1,
                    "menu-item-parent-id": "0",
                    "menu-item-description": "",
                    "menu-item-url": "https:\/\/facebook.com"
                },
                {
                    "menu-item-title": "Instagram",
                    "menu-item-db-id": 176,
                    "menu-item-object-id": "176",
                    "menu-item-object": "custom",
                    "menu-item-type": "custom",
                    "menu-item-status": "publish",
                    "menu-item-position": 2,
                    "menu-item-parent-id": "0",
                    "menu-item-description": "",
                    "menu-item-url": "https:\/\/instagram.com"
                },
                {
                    "menu-item-title": "500px",
                    "menu-item-db-id": 177,
                    "menu-item-object-id": "177",
                    "menu-item-object": "custom",
                    "menu-item-type": "custom",
                    "menu-item-status": "publish",
                    "menu-item-position": 3,
                    "menu-item-parent-id": "0",
                    "menu-item-description": "",
                    "menu-item-url": "https:\/\/web.500px.com\/"
                }
            ]
        }
    },
    "images": [
        "https:\/\/heverdemo.files.wordpress.com\/2019\/08\/lachlan-dempsey-0l5qtld0ypc-unsplash.jpg",
        "https:\/\/heverdemo.files.wordpress.com\/2019\/08\/michael-olsen-gs1mjmk2ixc-unsplash.jpg",
        "https:\/\/heverdemo.files.wordpress.com\/2019\/08\/jared-rice-d4mc9bnscse-unsplash.jpg",
        "https:\/\/heverdemo.files.wordpress.com\/2019\/08\/autumn-mood-forest-cold-dawn-397096-1.jpg",
        "https:\/\/heverdemo.files.wordpress.com\/2019\/08\/cropped-logo3-2.png",
        "https:\/\/heverdemo.files.wordpress.com\/2019\/08\/cropped-logo3-1.png",
        "https:\/\/heverdemo.files.wordpress.com\/2019\/08\/polaroidville-nv9za0nqrm-unsplash.jpg",
        "https:\/\/heverdemo.files.wordpress.com\/2019\/08\/polaroidville-ubh2mkywqhk-unsplash.jpg",
        "https:\/\/heverdemo.files.wordpress.com\/2019\/08\/lobostudio-hamburg-xrbarjajh2o-unsplash.jpg",
        "https:\/\/heverdemo.files.wordpress.com\/2019\/08\/shayne-house-zsh_liga14k-unsplash.jpg",
        "https:\/\/heverdemo.files.wordpress.com\/2019\/08\/samuel-zeller-xbqzswxkunc-unsplash.jpg",
        "https:\/\/heverdemo.files.wordpress.com\/2019\/08\/nathan-dumlao-moqkadtkb7a-unsplash.jpg",
        "https:\/\/heverdemo.files.wordpress.com\/2019\/08\/aniket-deole-m6xc789hle8-unsplash-1.jpg",
        "https:\/\/heverdemo.files.wordpress.com\/2019\/08\/yang-song-gsh-rscnlkq-unsplash.jpg",
        "https:\/\/heverdemo.files.wordpress.com\/2019\/08\/aniket-deole-m6xc789hle8-unsplash.jpg",
        "https:\/\/heverdemo.files.wordpress.com\/2019\/08\/pablo-fierro-zoxuvq3xo3s-unsplash.jpg",
        "https:\/\/heverdemo.files.wordpress.com\/2019\/08\/jordan-pulmano-poakzayxhye-unsplash-e1564676567732.jpg",
        "https:\/\/heverdemo.files.wordpress.com\/2019\/08\/ishan-seefromthesky-dtwyp_4yees-unsplash.jpg",
        "https:\/\/heverdemo.files.wordpress.com\/2019\/08\/cropped-logo3.png",
        "https:\/\/heverdemo.files.wordpress.com\/2019\/08\/logo3.png",
        "https:\/\/heverdemo.files.wordpress.com\/2019\/08\/shifaaz-shamoon-qtbv_8p_ksk-unsplash.jpg",
        "https:\/\/heverdemo.files.wordpress.com\/2019\/08\/affair-anniversary-asad-1024973.jpg",
        "https:\/\/heverdemo.files.wordpress.com\/2019\/08\/aerial-shot-bird-s-eye-view-boat-1320684.jpg",
        "https:\/\/heverdemo.files.wordpress.com\/2019\/08\/boardwalk-dawn-dock-2531237.jpg",
        "https:\/\/heverdemo.files.wordpress.com\/2019\/08\/beach-daylight-fun-1430675.jpg",
        "https:\/\/heverdemo.files.wordpress.com\/2019\/07\/4k-wallpaper-beach-bird-s-eye-view-2049422.jpg",
        "https:\/\/heverdemo.files.wordpress.com\/2019\/08\/altitude-clouds-dawn-543210.jpg",
        "https:\/\/heverdemo.files.wordpress.com\/2019\/08\/black-and-white-cold-daylight-756900.jpg",
        "https:\/\/heverdemo.files.wordpress.com\/2019\/08\/adventure-aerial-photography-aerial-shot-2516418.jpg",
        "https:\/\/heverdemo.files.wordpress.com\/2019\/08\/ancient-architecture-art-262780.jpg",
        "https:\/\/heverdemo.files.wordpress.com\/2019\/08\/nemanja-o-jnrztkb7smw-unsplash.jpg",
        "https:\/\/heverdemo.files.wordpress.com\/2019\/08\/ancient-architecture-asia-1673978.jpg",
        "https:\/\/heverdemo.files.wordpress.com\/2019\/08\/abstract-architecture-art-2696817-1.jpg",
        "https:\/\/heverdemo.files.wordpress.com\/2019\/08\/abstract-architecture-art-2696817.jpg",
        "https:\/\/heverdemo.files.wordpress.com\/2019\/08\/ancient-architecture-buildings-532263.jpg",
        "https:\/\/heverdemo.files.wordpress.com\/2019\/08\/architectural-design-architectural-detail-architecture-2716795-2.jpg",
        "https:\/\/heverdemo.files.wordpress.com\/2019\/08\/architectural-design-architectural-detail-architecture-2716795-1.jpg",
        "https:\/\/heverdemo.files.wordpress.com\/2019\/08\/architectural-design-architectural-detail-architecture-2716795.jpg",
        "https:\/\/heverdemo.files.wordpress.com\/2019\/08\/clouds-dawn-desktop-backgrounds-46253-1.jpg",
        "https:\/\/heverdemo.files.wordpress.com\/2019\/08\/architecture-building-cathedral-236294.jpg",
        "https:\/\/heverdemo.files.wordpress.com\/2019\/08\/ancient-antique-art-1485630.jpg",
        "https:\/\/heverdemo.files.wordpress.com\/2019\/08\/architecture-australia-bay-1983162-1.jpg",
        "https:\/\/heverdemo.files.wordpress.com\/2019\/08\/architecture-australia-bay-1983162.jpg",
        "https:\/\/heverdemo.files.wordpress.com\/2019\/07\/clouds-dawn-desktop-backgrounds-46253.jpg",
        "https:\/\/heverdemo.files.wordpress.com\/2019\/07\/liberty.jpg",
        "https:\/\/heverdemo.files.wordpress.com\/2019\/07\/paris.jpg",
        "https:\/\/heverdemo.files.wordpress.com\/2019\/07\/tokyo.jpg",
        "https:\/\/heverdemo.files.wordpress.com\/2019\/07\/newyork.jpg",
        "https:\/\/heverdemo.files.wordpress.com\/2019\/07\/macau.jpg",
        "https:\/\/heverdemo.files.wordpress.com\/2019\/07\/asphalt-blue-sky-clouds-490411.jpg",
        "https:\/\/heverdemo.files.wordpress.com\/2019\/07\/pawel-nolbert-we_dk2kd3gq-unsplash.jpg",
        "https:\/\/heverdemo.files.wordpress.com\/2019\/07\/luke-chesser-b_ol3jet5l4-unsplash.jpg",
        "https:\/\/heverdemo.files.wordpress.com\/2019\/07\/luke-chesser-hqo6uyo4nbg-unsplash.jpg",
        "https:\/\/heverdemo.files.wordpress.com\/2019\/07\/luke-chesser-3pomgljfyv0-unsplash.jpg",
        "https:\/\/heverdemo.files.wordpress.com\/2019\/07\/luke-chesser-3rwagdkbf7u-unsplash.jpg",
        "https:\/\/heverdemo.files.wordpress.com\/2019\/07\/janke-laskowski-gneiei5yn1s-unsplash-e1564578287475.jpg",
        "https:\/\/heverdemo.files.wordpress.com\/2019\/07\/chairs-cutlery-fork-9315.jpg",
        "https:\/\/heverdemo.files.wordpress.com\/2019\/07\/degustation-6.jpg",
        "https:\/\/heverdemo.files.wordpress.com\/2019\/07\/open-sign.jpg",
        "https:\/\/heverdemo.files.wordpress.com\/2019\/07\/restaurant.jpg",
        "https:\/\/heverdemo.files.wordpress.com\/2019\/07\/plated-dish.jpg",
        "https:\/\/heverdemo.files.wordpress.com\/2019\/07\/were-open-sign.jpg"
    ]
}
